workflow_name,trace_count,date
claude-cli-akshay,3,2026-04-21
claude-cli-ashokan,3,2026-04-21
claude-cli-carey,20,2026-04-21
claude-cli-devika,7,2026-04-21
claude-cli-hoc,14,2026-04-21
claude-cli-karmehr,68,2026-04-21
claude-cli-mohammed,37,2026-04-21
claude-cli-akshay,8,2026-04-22
claude-cli-carey,13,2026-04-22
claude-cli-hoc,5,2026-04-22
claude-cli-karmehr,5,2026-04-22
claude-cli-mohammed,25,2026-04-22
claude-cli-shambhavi,2,2026-04-22
claude-cli-akshay,7,2026-04-23
claude-cli-ashokan,1,2026-04-23
claude-cli-carey,41,2026-04-23
claude-cli-karmehr,6,2026-04-23
claude-cli-mohammed,38,2026-04-23
claude-cli-prototype-mohammed,61,2026-04-23
claude-cli-shambhavi,2,2026-04-23
claude-cli-carey,28,2026-04-24
claude-cli-karmehr,5,2026-04-24
claude-cli-prototype-mohammed,59,2026-04-24
claude-cli-carey,13,2026-04-25
claude-cli-karmehr,1,2026-04-25
claude-cli-prototype-mohammed,6,2026-04-26
claude-cli-carey,46,2026-04-27
claude-cli-hoc,2,2026-04-27
claude-cli-karmehr,15,2026-04-27
claude-cli-prototype-mohammed,13,2026-04-27
